{
  "hidden": 230,
  "dropout": 0.4824356114264047,
  "lr": 1.6240897541902373e-05,
  "epochs": 4688,
  "hidden2": 69
}